timestamp,product_dropdown,description,product_name,benefits,key_message,gender,generation,psychotype,business_stage,industry,opf,chosen_approach,comment,model,prompt,final_prompt,sms,comment_sms,corrected_sms
1741963490.5345557,депозит Классический Онлайн,"Депозит Классический Онлайн — депозит для предпринимателей.

Срок размещения от 7 до 1096 дней, валюта размещения — рубли РФ, максимальная сумма размещения — 30 млн рублей, процентная ставка рассчитывается индивидуально.",депозит Классический Онлайн,"Открытие без посещения банка.

Ставка выше, если оформите онлайн.

Нет минимальной суммы размещения.

Вклад на короткий срок.","Ставка выше, если оформите онлайн.",Мужской,X,,,Транспорт и логистика,Не выбрано,Указание на пользу,SMS для данных параметров персонализации ОТСУТСТВУЕТ в базе,GPT-4o (fine-tuned) 1,"Напиши три или четыре предложения суммарной длиной от 160 до 250 знаков с учетом пробелов. Начни SMS с указания на пользу продукта. Используй глагол в побудительном наклонении. Не начинай с вопроса. 
Напиши рекламное SMS для следующего продукта:
«Депозит Классический Онлайн — депозит для предпринимателей.

Срок размещения от 7 до 1096 дней, валюта размещения — рубли РФ, максимальная сумма размещения — 30 млн рублей, процентная ставка рассчитывается индивидуально.».
Не изменяй название продукта: «депозит Классический Онлайн».
Преимущества:
«Открытие без посещения банка.

Ставка выше, если оформите онлайн.

Нет минимальной суммы размещения.

Вклад на короткий срок.».
ОБЯЗАТЕЛЬНО используй в SMS один или несколько терминов, касающиеся клиента, которому направляется SMS, из КАЖДОЙ группы:
Группа 1: (достигайте целей, достижение целей, контролировать, обеспечить, под контролем, развивать, развитие, реализация, реализовать, управление, управлять, цель, экономить, экономия).
Группа 2: (легко, надёжно, надёжность, опыт, просто, проще, стабильность, стабильный, уверенно, упростить, будьте уверены).
Группа 3: (автопарк, водители, грузоперевозки, логистика, транспорт, транспортный, цепочка поставок).
Пример использования терминов (ниже лишь примеры выражений, не добавляй в SMS то, чего нет в реальном описании продукта): достигайте целей; достижение целей; всё удобно контролировать; контролируйте все операции; экономьте время и контролируйте операции; контролируйте расходы; под контролем; развивайте бизнес с удобными технологиями; развивай свой бизнес; развивайте логистику; развивайте бизнес; развивайте технологии проще; развитие; развитие персонала; развития вашего бизнеса; реализовать свои цели; реализуй цели компании; реализуйте любые цели; реализуйте цели; управляйте финансами и реализуйте бизнес-цели уверенно; управление персоналом; управление расходами сотрудников; управления расходами команды; управления расчётами; управления финансами; управление расходами компании; управлении бизнесом; управления расчётами команды; эффективного управления; управляй выплатами легко; управляйте выплатами; управляйте операциями; управлять всеми выплатами вашей команде; управлять выплатами персоналу; управлять операциями; управляй своим бизнесом легко; управляйте бизнесом; управляйте компанией; управляйте финансами; управляйте финансами компании; управляйте финансами компании уверенно; уверенно управляйте расходами вашей компании; управляй расходами; управляй расходами легко; управляй финансами компании легко; управляйте расходами; управляйте расходами компании; управлять расчётами; других целей вашей компании; на другие цели; на другие цели компании; продвижения или других целей; цели; цели вашего бизнеса; экономьте время; экономь время; экономьте на комиссии; экономьте на комиссиях; экономьте время на платежах; всё легко и быстро; управляйте расчётами легко; команде легко и быстро; легко и быстро; легко и с выгодой; быстро и надёжно; быстро, надёжно и без визита в банк; просто, быстро и надёжно; это просто и надёжно; надёжность и новые возможности; просто подключите; просто и уверенно; просто подключитесь; просто и быстро; рассчитывайтесь с персоналом просто и быстро; просто и комфортно; просто и удобно; просто подключи; быстро и просто; всё просто; просто подай; просто подай заявку онлайн; проще управление расходами; стабильного развития; уверенно и стабильно; управляйте бизнесом уверенно; уверенно управляйте расходами; управляйте расходами уверенно; упростите расчёты; упростите и оптимизируйте расчёты; будьте уверены; расширяй автопарк; расширяйте автопарк; водителям в любой день недели; все зачисления водителям; выплаты водителям; зарплату водителям; расчётов с водителями; своим водителям; расчётами водителей и других сотрудников; оптимизируйте логистику; за транспорт и логистику; расходами на логистику; расходами на транспорт и логистику; управляйте логистикой; модернизируйте транспорт; транспортной компании; транспортного бизнеса; транспортные расходы; цепочка поставок. Эти примеры — просто образцы того, как можно органично включить термины. Не упоминай того, что не отражено в описании продукта.
Убедись, что написал не меньше трех и не больше четырех предложений суммарной длиной от 160 до 250 знаков с учетом пробелов.
Убедись, что SMS начинается с указания на пользу продукта и использования глагола в побудительном наклонении и не начинается с вопроса.
Убедись, что УМЕСТНО использовал КАЖДЫЙ необходимый термин.
Убедись, что в SMS без изменений, синонимов и перестановок слов используется наименование продукта: «депозит Классический Онлайн».
Убедись, что в SMS есть следующая ключевая информация: «Ставка выше, если оформите онлайн.».","Напиши три или четыре предложения суммарной длиной от 160 до 250 знаков с учетом пробелов. Начни SMS с указания на пользу продукта. Используй глагол в побудительном наклонении. Не начинай с вопроса. Напиши рекламное SMS для следующего продукта:
«Депозит Классический Онлайн — депозит для предпринимателей. Срок размещения от 7 до 1096 дней, валюта размещения — рубли РФ, максимальная сумма размещения — 30 млн рублей, процентная ставка рассчитывается индивидуально.».
Не изменяй название продукта: «депозит Классический Онлайн».
Преимущества:
«Открытие без посещения банка. Ставка выше, если оформите онлайн. Нет минимальной суммы размещения. Вклад на короткий срок.».
ОБЯЗАТЕЛЬНО используй в SMS один или несколько терминов, касающиеся клиента, которому направляется SMS, из КАЖДОЙ группы:
Группа 1: (достигайте целей, достижение целей, контролировать, обеспечить, под контролем, развивать, развитие, реализация, реализовать, управление, управлять, цель, экономить, экономия).
Группа 2: (легко, надёжно, надёжность, опыт, просто, проще, стабильность, стабильный, уверенно, упростить, будьте уверены).
Группа 3: (автопарк, водители, грузоперевозки, логистика, транспорт, транспортный, цепочка поставок).
Пример использования терминов (ниже лишь примеры выражений, не добавляй в SMS то, чего нет в реальном описании продукта): достигайте целей; достижение целей; всё удобно контролировать; контролируйте все операции; экономьте время и контролируйте операции; контролируйте расходы; под контролем; развивайте бизнес с удобными технологиями; развивай свой бизнес; развивайте логистику; развивайте бизнес; развивайте технологии проще; развитие; развитие персонала; развития вашего бизнеса; реализовать свои цели; реализуй цели компании; реализуйте любые цели; реализуйте цели; управляйте финансами и реализуйте бизнес-цели уверенно; управление персоналом; управление расходами сотрудников; управления расходами команды; управления расчётами; управления финансами; управление расходами компании; управлении бизнесом; управления расчётами команды; эффективного управления; управляй выплатами легко; управляйте выплатами; управляйте операциями; управлять всеми выплатами вашей команде; управлять выплатами персоналу; управлять операциями; управляй своим бизнесом легко; управляйте бизнесом; управляйте компанией; управляйте финансами; управляйте финансами компании; управляйте финансами компании уверенно; уверенно управляйте расходами вашей компании; управляй расходами; управляй расходами легко; управляй финансами компании легко; управляйте расходами; управляйте расходами компании; управлять расчётами; других целей вашей компании; на другие цели; на другие цели компании; продвижения или других целей; цели; цели вашего бизнеса; экономьте время; экономь время; экономьте на комиссии; экономьте на комиссиях; экономьте время на платежах; всё легко и быстро; управляйте расчётами легко; команде легко и быстро; легко и быстро; легко и с выгодой; быстро и надёжно; быстро, надёжно и без визита в банк; просто, быстро и надёжно; это просто и надёжно; надёжность и новые возможности; просто подключите; просто и уверенно; просто подключитесь; просто и быстро; рассчитывайтесь с персоналом просто и быстро; просто и комфортно; просто и удобно; просто подключи; быстро и просто; всё просто; просто подай; просто подай заявку онлайн; проще управление расходами; стабильного развития; уверенно и стабильно; управляйте бизнесом уверенно; уверенно управляйте расходами; управляйте расходами уверенно; упростите расчёты; упростите и оптимизируйте расчёты; будьте уверены; расширяй автопарк; расширяйте автопарк; водителям в любой день недели; все зачисления водителям; выплаты водителям; зарплату водителям; расчётов с водителями; своим водителям; расчётами водителей и других сотрудников; оптимизируйте логистику; за транспорт и логистику; расходами на логистику; расходами на транспорт и логистику; управляйте логистикой; модернизируйте транспорт; транспортной компании; транспортного бизнеса; транспортные расходы; цепочка поставок. Эти примеры — просто образцы того, как можно органично включить термины. Не упоминай того, что не отражено в описании продукта.
Убедись, что написал не меньше трех и не больше четырех предложений суммарной длиной от 160 до 250 знаков с учетом пробелов.
Убедись, что SMS начинается с указания на пользу продукта и использования глагола в побудительном наклонении и не начинается с вопроса.
Убедись, что УМЕСТНО использовал КАЖДЫЙ необходимый термин.
Убедись, что в SMS без изменений, синонимов и перестановок слов используется наименование продукта: «депозит Классический Онлайн».
Убедись, что в SMS есть следующая ключевая информация: «Ставка выше, если оформите онлайн.».","Используйте депозит Классический Онлайн для надёжного размещения средств и уверенного управления финансами. Откройте его просто и удобно — в интернет-банке, без визита в офис. Ставка выше при оформлении онлайн.

------
Количество знаков: 210",,Получайте стабильный доход с депозитом Классический Онлайн и вкладывайтесь в расширение автопарка и развитие бизнеса. Откройте в интернет-банке на срок от 7 дней до 3 лет и получите повышенную ставку.
1741783783.9261467,депозит Классический Онлайн,"Депозит Классический Онлайн — депозит для предпринимателей.

Срок размещения от 7 до 1096 дней, валюта размещения — рубли РФ, максимальная сумма размещения — 30 млн рублей, процентная ставка рассчитывается индивидуально.",депозит Классический Онлайн,"Открытие без посещения банка.

Ставка выше, если оформите онлайн.

Нет минимальной суммы размещения.

Вклад на короткий срок.","Ставка выше, если оформите онлайн.",Мужской,Не выбрано,,,Не выбрано,ИП,Указание на пользу,SMS для данных параметров персонализации ОТСУТСТВУЕТ в базе,GPT-4o (fine-tuned) 2,"Напиши три или четыре предложения суммарной длиной от 160 до 250 знаков с учетом пробелов. Начни SMS с указания на пользу продукта. Используй глагол в побудительном наклонении. Не начинай с вопроса. 
Напиши рекламное SMS для следующего продукта:
«Депозит Классический Онлайн — депозит для предпринимателей.

Срок размещения от 7 до 1096 дней, валюта размещения — рубли РФ, максимальная сумма размещения — 30 млн рублей, процентная ставка рассчитывается индивидуально.».
Не изменяй название продукта: «депозит Классический Онлайн».
Преимущества:
«Открытие без посещения банка.

Ставка выше, если оформите онлайн.

Нет минимальной суммы размещения.

Вклад на короткий срок.».
ОБЯЗАТЕЛЬНО используй в SMS один или несколько терминов, касающиеся клиента, которому направляется SMS, из КАЖДОЙ группы:
Группа 1: (достигайте целей, достижение целей, контролировать, обеспечить, под контролем, развивать, развитие, реализация, реализовать, управление, управлять, цель, экономить, экономия).
Пример использования терминов (ниже лишь примеры выражений, не добавляй в SMS то, чего нет в реальном описании продукта): достигайте целей; достижение целей; всё удобно контролировать; контролируйте все операции; экономьте время и контролируйте операции; контролируйте расходы; под контролем; развивайте бизнес с удобными технологиями; развивай свой бизнес; развивайте логистику; развивайте бизнес; развивайте технологии проще; развитие; развитие персонала; развития вашего бизнеса; реализовать свои цели; реализуй цели компании; реализуйте любые цели; реализуйте цели; управляйте финансами и реализуйте бизнес-цели уверенно; управление персоналом; управление расходами сотрудников; управления расходами команды; управления расчётами; управления финансами; управление расходами компании; управлении бизнесом; управления расчётами команды; эффективного управления; управляй выплатами легко; управляйте выплатами; управляйте операциями; управлять всеми выплатами вашей команде; управлять выплатами персоналу; управлять операциями; управляй своим бизнесом легко; управляйте бизнесом; управляйте компанией; управляйте финансами; управляйте финансами компании; управляйте финансами компании уверенно; уверенно управляйте расходами вашей компании; управляй расходами; управляй расходами легко; управляй финансами компании легко; управляйте расходами; управляйте расходами компании; управлять расчётами; других целей вашей компании; на другие цели; на другие цели компании; продвижения или других целей; цели; цели вашего бизнеса; экономьте время; экономь время; экономьте на комиссии; экономьте на комиссиях; экономьте время на платежах. Эти примеры — просто образцы того, как можно органично включить термины. Не упоминай того, что не отражено в описании продукта.
Убедись, что написал не меньше трех и не больше четырех предложений суммарной длиной от 160 до 250 знаков с учетом пробелов.
Убедись, что SMS начинается с указания на пользу продукта и использования глагола в побудительном наклонении и не начинается с вопроса.
Убедись, что УМЕСТНО использовал КАЖДЫЙ необходимый термин.
Убедись, что в SMS без изменений, синонимов и перестановок слов используется наименование продукта: «депозит Классический Онлайн».
Убедись, что в SMS есть следующая ключевая информация: «Ставка выше, если оформите онлайн.».","Напиши три или четыре предложения суммарной длиной от 160 до 250 знаков с учетом пробелов. Начни SMS с указания на пользу продукта. Используй глагол в побудительном наклонении. Не начинай с вопроса. Напиши рекламное SMS для следующего продукта:
«Депозит Классический Онлайн — депозит для предпринимателей. Срок размещения от 7 до 1096 дней, валюта размещения — рубли РФ, максимальная сумма размещения — 30 млн рублей, процентная ставка рассчитывается индивидуально.».
Не изменяй название продукта: «депозит Классический Онлайн».
Преимущества:
«Открытие без посещения банка. Ставка выше, если оформите онлайн. Нет минимальной суммы размещения. Вклад на короткий срок.».
ОБЯЗАТЕЛЬНО используй в SMS один или несколько терминов, касающиеся клиента, которому направляется SMS, из КАЖДОЙ группы:
Группа 1: (достигайте целей, достижение целей, контролировать, обеспечить, под контролем, развивать, развитие, реализация, реализовать, управление, управлять, цель, экономить, экономия).
Пример использования терминов (ниже лишь примеры выражений, не добавляй в SMS то, чего нет в реальном описании продукта): достигайте целей; достижение целей; всё удобно контролировать; контролируйте все операции; экономьте время и контролируйте операции; контролируйте расходы; под контролем; развивайте бизнес с удобными технологиями; развивай свой бизнес; развивайте логистику; развивайте бизнес; развивайте технологии проще; развитие; развитие персонала; развития вашего бизнеса; реализовать свои цели; реализуй цели компании; реализуйте любые цели; реализуйте цели; управляйте финансами и реализуйте бизнес-цели уверенно; управление персоналом; управление расходами сотрудников; управления расходами команды; управления расчётами; управления финансами; управление расходами компании; управлении бизнесом; управления расчётами команды; эффективного управления; управляй выплатами легко; управляйте выплатами; управляйте операциями; управлять всеми выплатами вашей команде; управлять выплатами персоналу; управлять операциями; управляй своим бизнесом легко; управляйте бизнесом; управляйте компанией; управляйте финансами; управляйте финансами компании; управляйте финансами компании уверенно; уверенно управляйте расходами вашей компании; управляй расходами; управляй расходами легко; управляй финансами компании легко; управляйте расходами; управляйте расходами компании; управлять расчётами; других целей вашей компании; на другие цели; на другие цели компании; продвижения или других целей; цели; цели вашего бизнеса; экономьте время; экономь время; экономьте на комиссии; экономьте на комиссиях; экономьте время на платежах. Эти примеры — просто образцы того, как можно органично включить термины. Не упоминай того, что не отражено в описании продукта.
Убедись, что написал не меньше трех и не больше четырех предложений суммарной длиной от 160 до 250 знаков с учетом пробелов.
Убедись, что SMS начинается с указания на пользу продукта и использования глагола в побудительном наклонении и не начинается с вопроса.
Убедись, что УМЕСТНО использовал КАЖДЫЙ необходимый термин.
Убедись, что в SMS без изменений, синонимов и перестановок слов используется наименование продукта: «депозит Классический Онлайн».
Убедись, что в SMS есть следующая ключевая информация: «Ставка выше, если оформите онлайн.».","Откройте депозит Классический Онлайн без визита в банк! Вкладывайтесь на удобный срок и экономьте — ставка выше при оформлении в СберБизнес. Развивайте ваш бизнес и получайте доход максимально выгодно!

------
Количество знаков: 201",,"Откройте депозит Классический Онлайн без визита в банк! Вкладывайте средства на удобный срок, ставка будет выше при оформлении в СберБизнес. Развивайте бизнес и получайте дополнительный доход для реализации целей."
1741122588.5102448,депозит Классический Онлайн,"Депозит Классический Онлайн — депозит для предпринимателей.

Срок размещения от 7 до 1096 дней, валюта размещения — рубли РФ, максимальная сумма размещения — 30 млн рублей, процентная ставка рассчитывается индивидуально.",депозит Классический Онлайн,"Открытие без посещения банка.

Ставка выше, если оформите онлайн.

Нет минимальной суммы размещения.

Вклад на короткий срок.","Ставка выше, если оформите онлайн.",Не выбрано,Y,,,"Телекоммуникации, медиа и ИТ-технологии",ИП,Указание на пользу,SMS для данных параметров персонализации ОТСУТСТВУЕТ в базе,GPT-4o (fine-tuned),"Напиши три или четыре предложения суммарной длиной от 160 до 250 знаков с учетом пробелов. Начни SMS с указания на пользу продукта. Используй глагол в побудительном наклонении. Не начинай с вопроса. 
Напиши рекламное SMS для следующего продукта:
«Депозит Классический Онлайн — депозит для предпринимателей.

Срок размещения от 7 до 1096 дней, валюта размещения — рубли РФ, максимальная сумма размещения — 30 млн рублей, процентная ставка рассчитывается индивидуально.».
Не изменяй название продукта: «депозит Классический Онлайн».
Преимущества:
«Открытие без посещения банка.

Ставка выше, если оформите онлайн.

Нет минимальной суммы размещения.

Вклад на короткий срок.».
ОБЯЗАТЕЛЬНО используй в SMS один или несколько терминов, касающиеся клиента, которому направляется SMS, из КАЖДОЙ группы:
Группа 1: (бонус, кешбэк, просто, простое, простота, скидка, эффективный).
Группа 2: (оборудование, современный, софт, технологии, цифровизация, цифровой).
Пример использования терминов (ниже лишь примеры выражений, не добавляй в SMS то, чего нет в реальном описании продукта): вернуть бонусами; возврат бонусами; возвращайте бонусами; получите бонусы; получайте кешбэк; просто подключите; просто, быстро и надёжно; это просто и надёжно; просто и уверенно; просто подключитесь; просто и быстро; рассчитывайтесь с персоналом просто и быстро; просто и комфортно; просто и удобно; просто подключи; быстро и просто; всё просто; просто подай; просто подай заявку онлайн; простое подключение; простое и удобное решение; получите скидку на ставку; скидка на ставку; скидку на ставку; со скидкой; эффективного управления; закупайте оборудование; закупите новейшее оборудование; оборудование; покупки оборудования; покупку оборудования; приобретайте современное оборудование; современное оборудование; современный софт; наслаждайся возможностями современного решения; оцените возможности современных решений; оцените современные привилегии; современного решения; современное решение; современное финансовое решение; современные привилегии; современным решением; благодаря современным технологиям; используй современные технологии для бизнеса; наслаждайтесь удобством современных технологий; оцените удобство технологий; развивайте бизнес с удобными технологиями; с современными технологиями; современных технологий; развивайте технологии проще; цифрового бизнеса. Эти примеры — просто образцы того, как можно органично включить термины. Не упоминай того, что не отражено в описании продукта.
Убедись, что написал не меньше трех и не больше четырех предложений суммарной длиной от 160 до 250 знаков с учетом пробелов.
Убедись, что SMS начинается с указания на пользу продукта и использования глагола в побудительном наклонении и не начинается с вопроса.
Убедись, что УМЕСТНО использовал КАЖДЫЙ необходимый термин.
Убедись, что в SMS без изменений, синонимов и перестановок слов используется наименование продукта: «депозит Классический Онлайн».
Убедись, что в SMS есть следующая ключевая информация: «Ставка выше, если оформите онлайн.».","Напиши три или четыре предложения суммарной длиной от 160 до 250 знаков с учетом пробелов. Начни SMS с указания на пользу продукта. Используй глагол в побудительном наклонении. Не начинай с вопроса. Напиши рекламное SMS для следующего продукта:
«Депозит Классический Онлайн — депозит для предпринимателей. Срок размещения от 7 до 1096 дней, валюта размещения — рубли РФ, максимальная сумма размещения — 30 млн рублей, процентная ставка рассчитывается индивидуально.».
Не изменяй название продукта: «депозит Классический Онлайн».
Преимущества:
«Открытие без посещения банка. Ставка выше, если оформите онлайн. Нет минимальной суммы размещения. Вклад на короткий срок.».
ОБЯЗАТЕЛЬНО используй в SMS один или несколько терминов, касающиеся клиента, которому направляется SMS, из КАЖДОЙ группы:
Группа 1: (бонус, кешбэк, просто, простое, простота, скидка, эффективный).
Группа 2: (оборудование, современный, софт, технологии, цифровизация, цифровой).
Пример использования терминов (ниже лишь примеры выражений, не добавляй в SMS то, чего нет в реальном описании продукта): вернуть бонусами; возврат бонусами; возвращайте бонусами; получите бонусы; получайте кешбэк; просто подключите; просто, быстро и надёжно; это просто и надёжно; просто и уверенно; просто подключитесь; просто и быстро; рассчитывайтесь с персоналом просто и быстро; просто и комфортно; просто и удобно; просто подключи; быстро и просто; всё просто; просто подай; просто подай заявку онлайн; простое подключение; простое и удобное решение; получите скидку на ставку; скидка на ставку; скидку на ставку; со скидкой; эффективного управления; закупайте оборудование; закупите новейшее оборудование; оборудование; покупки оборудования; покупку оборудования; приобретайте современное оборудование; современное оборудование; современный софт; наслаждайся возможностями современного решения; оцените возможности современных решений; оцените современные привилегии; современного решения; современное решение; современное финансовое решение; современные привилегии; современным решением; благодаря современным технологиям; используй современные технологии для бизнеса; наслаждайтесь удобством современных технологий; оцените удобство технологий; развивайте бизнес с удобными технологиями; с современными технологиями; современных технологий; развивайте технологии проще; цифрового бизнеса. Эти примеры — просто образцы того, как можно органично включить термины. Не упоминай того, что не отражено в описании продукта.
Убедись, что написал не меньше трех и не больше четырех предложений суммарной длиной от 160 до 250 знаков с учетом пробелов.
Убедись, что SMS начинается с указания на пользу продукта и использования глагола в побудительном наклонении и не начинается с вопроса.
Убедись, что УМЕСТНО использовал КАЖДЫЙ необходимый термин.
Убедись, что в SMS без изменений, синонимов и перестановок слов используется наименование продукта: «депозит Классический Онлайн».
Убедись, что в SMS есть следующая ключевая информация: «Ставка выше, если оформите онлайн.».","Откройте депозит Классический Онлайн без визита в банк! Просто подайте заявку в интернет-банке и получите повышенную ставку. Делайте выгодные вложения и развивайте бизнес с помощью современных технологий.

------
Количество знаков: 204",,"Откройте депозит Классический Онлайн без визита в банк и получите повышенную ставку, без минимальной суммы, на срок до 3 лет. Вкладывайте прибыль в цифровизацию и развитие бизнеса."
1740753094.6528578,депозит Классический Онлайн,"Депозит Классический Онлайн — депозит для предпринимателей.

Срок размещения от 7 до 1096 дней, валюта размещения — рубли РФ, максимальная сумма размещения — 30 млн рублей, процентная ставка рассчитывается индивидуально.",депозит Классический Онлайн,"Открытие без посещения банка.

Ставка выше, если оформите онлайн.

Нет минимальной суммы размещения.

Вклад на короткий срок.","Ставка выше, если оформите онлайн.",Не выбрано,X,,,Транспорт и логистика,ООО,Указание на пользу,SMS для данных параметров персонализации ОТСУТСТВУЕТ в базе,GPT-4o (fine-tuned) (test),"Напиши три или четыре предложения суммарной длиной от 160 до 250 знаков с учетом пробелов. Начни SMS с указания на пользу продукта. Используй глагол в побудительном наклонении. Не начинай с вопроса. 
Напиши рекламное SMS для следующего продукта:
«Депозит Классический Онлайн — депозит для предпринимателей.

Срок размещения от 7 до 1096 дней, валюта размещения — рубли РФ, максимальная сумма размещения — 30 млн рублей, процентная ставка рассчитывается индивидуально.».
Не изменяй название продукта: «депозит Классический Онлайн».
Преимущества:
«Открытие без посещения банка.

Ставка выше, если оформите онлайн.

Нет минимальной суммы размещения.

Вклад на короткий срок.».
ОБЯЗАТЕЛЬНО используй в SMS один или несколько терминов, касающиеся клиента, которому направляется SMS, из КАЖДОЙ группы:
Группа 1: (легко, надёжно, надёжность, опыт, просто, проще, стабильность, стабильный, уверенно, упростить, будьте уверены).
Группа 2: (автопарк, водители, грузоперевозки, логистика, транспорт, транспортный, цепочка поставок).
Группа 3: (компания, управление, управлять).
Убедись, что написал не меньше трех и не больше четырех предложений суммарной длиной от 160 до 250 знаков с учетом пробелов.
Убедись, что SMS начинается с указания на пользу продукта и использования глагола в побудительном наклонении и не начинается с вопроса.
Убедись, что УМЕСТНО использовал КАЖДЫЙ необходимый термин.
Убедись, что в SMS без изменений, синонимов и перестановок слов используется наименование продукта: «депозит Классический Онлайн».
Убедись, что в SMS есть следующая ключевая информация: «Ставка выше, если оформите онлайн.».","Напиши три или четыре предложения суммарной длиной от 160 до 250 знаков с учетом пробелов. Начни SMS с указания на пользу продукта. Используй глагол в побудительном наклонении. Не начинай с вопроса. Напиши рекламное SMS для следующего продукта:
«Депозит Классический Онлайн — депозит для предпринимателей. Срок размещения от 7 до 1096 дней, валюта размещения — рубли РФ, максимальная сумма размещения — 30 млн рублей, процентная ставка рассчитывается индивидуально.».
Не изменяй название продукта: «депозит Классический Онлайн».
Преимущества:
«Открытие без посещения банка. Ставка выше, если оформите онлайн. Нет минимальной суммы размещения. Вклад на короткий срок.».
ОБЯЗАТЕЛЬНО используй в SMS один или несколько терминов, касающиеся клиента, которому направляется SMS, из КАЖДОЙ группы:
Группа 1: (легко, надёжно, надёжность, опыт, просто, проще, стабильность, стабильный, уверенно, упростить, будьте уверены).
Группа 2: (автопарк, водители, грузоперевозки, логистика, транспорт, транспортный, цепочка поставок).
Группа 3: (компания, управление, управлять).
Убедись, что написал не меньше трех и не больше четырех предложений суммарной длиной от 160 до 250 знаков с учетом пробелов.
Убедись, что SMS начинается с указания на пользу продукта и использования глагола в побудительном наклонении и не начинается с вопроса.
Убедись, что УМЕСТНО использовал КАЖДЫЙ необходимый термин.
Убедись, что в SMS без изменений, синонимов и перестановок слов используется наименование продукта: «депозит Классический Онлайн».
Убедись, что в SMS есть следующая ключевая информация: «Ставка выше, если оформите онлайн.».","Размещайте средства компании на депозите Классический Онлайн — надёжный финансовый инструмент для уверенного развития бизнеса. Оформите онлайн и получите повышенную ставку. Ideal для транспортной отрасли!

------
Количество знаков: 204",,"Депозит Классический Онлайн — надёжный финансовый инструмент для уверенного развития бизнеса. Оформите онлайн с повышенной ставкой на срок до 3 лет, получайте доход для расширения автопарка и других задач."
1741960057.846625,депозит Классический Онлайн,"Депозит Классический Онлайн — депозит для предпринимателей.

Срок размещения от 7 до 1096 дней, валюта размещения — рубли РФ, максимальная сумма размещения — 30 млн рублей, процентная ставка рассчитывается индивидуально.",депозит Классический Онлайн,"Открытие без посещения банка.

Ставка выше, если оформите онлайн.

Нет минимальной суммы размещения.

Вклад на короткий срок.","Ставка выше, если оформите онлайн.",Мужской,X,,,Не выбрано,ООО,Указание на пользу,SMS для данных параметров персонализации ОТСУТСТВУЕТ в базе,GPT-4o (fine-tuned) 1,"Напиши три или четыре предложения суммарной длиной от 160 до 250 знаков с учетом пробелов. Начни SMS с указания на пользу продукта. Используй глагол в побудительном наклонении. Не начинай с вопроса. 
Напиши рекламное SMS для следующего продукта:
«Депозит Классический Онлайн — депозит для предпринимателей.

Срок размещения от 7 до 1096 дней, валюта размещения — рубли РФ, максимальная сумма размещения — 30 млн рублей, процентная ставка рассчитывается индивидуально.».
Не изменяй название продукта: «депозит Классический Онлайн».
Преимущества:
«Открытие без посещения банка.

Ставка выше, если оформите онлайн.

Нет минимальной суммы размещения.

Вклад на короткий срок.».
ОБЯЗАТЕЛЬНО используй в SMS один или несколько терминов, касающиеся клиента, которому направляется SMS, из КАЖДОЙ группы:
Группа 1: (достигайте целей, достижение целей, контролировать, обеспечить, под контролем, развивать, развитие, реализация, реализовать, управление, управлять, цель, экономить, экономия).
Группа 2: (легко, надёжно, надёжность, опыт, просто, проще, стабильность, стабильный, уверенно, упростить, будьте уверены).
Группа 3: (компания, управлять).
Пример использования терминов (ниже лишь примеры выражений, не добавляй в SMS то, чего нет в реальном описании продукта): достигайте целей; достижение целей; всё удобно контролировать; контролируйте все операции; экономьте время и контролируйте операции; контролируйте расходы; под контролем; развивайте бизнес с удобными технологиями; развивай свой бизнес; развивайте логистику; развивайте бизнес; развивайте технологии проще; развитие; развитие персонала; развития вашего бизнеса; реализовать свои цели; реализуй цели компании; реализуйте любые цели; реализуйте цели; управляйте финансами и реализуйте бизнес-цели уверенно; управление персоналом; управление расходами сотрудников; управления расходами команды; управления расчётами; управления финансами; управление расходами компании; управлении бизнесом; управления расчётами команды; эффективного управления; управляй выплатами легко; управляйте выплатами; управляйте операциями; управлять всеми выплатами вашей команде; управлять выплатами персоналу; управлять операциями; управляй своим бизнесом легко; управляйте бизнесом; управляйте компанией; управляйте финансами; управляйте финансами компании; управляйте финансами компании уверенно; уверенно управляйте расходами вашей компании; управляй расходами; управляй расходами легко; управляй финансами компании легко; управляйте расходами; управляйте расходами компании; управлять расчётами; других целей вашей компании; на другие цели; на другие цели компании; продвижения или других целей; цели; цели вашего бизнеса; экономьте время; экономь время; экономьте на комиссии; экономьте на комиссиях; экономьте время на платежах; всё легко и быстро; управляйте расчётами легко; команде легко и быстро; легко и быстро; легко и с выгодой; быстро и надёжно; быстро, надёжно и без визита в банк; просто, быстро и надёжно; это просто и надёжно; надёжность и новые возможности; просто подключите; просто и уверенно; просто подключитесь; просто и быстро; рассчитывайтесь с персоналом просто и быстро; просто и комфортно; просто и удобно; просто подключи; быстро и просто; всё просто; просто подай; просто подай заявку онлайн; проще управление расходами; стабильного развития; уверенно и стабильно; управляйте бизнесом уверенно; уверенно управляйте расходами; управляйте расходами уверенно; упростите расчёты; упростите и оптимизируйте расчёты; будьте уверены; бизнес-цели компании; для вашей компании; развития компании; привилегий для вашей компании; расходами вашей компании; расходами компании; расчётами в компании; транспортной компании; управляйте расходами вашей розничной компании; финансами компании. Эти примеры — просто образцы того, как можно органично включить термины. Не упоминай того, что не отражено в описании продукта.
Убедись, что написал не меньше трех и не больше четырех предложений суммарной длиной от 160 до 250 знаков с учетом пробелов.
Убедись, что SMS начинается с указания на пользу продукта и использования глагола в побудительном наклонении и не начинается с вопроса.
Убедись, что УМЕСТНО использовал КАЖДЫЙ необходимый термин.
Убедись, что в SMS без изменений, синонимов и перестановок слов используется наименование продукта: «депозит Классический Онлайн».
Убедись, что в SMS есть следующая ключевая информация: «Ставка выше, если оформите онлайн.».","Напиши три или четыре предложения суммарной длиной от 160 до 250 знаков с учетом пробелов. Начни SMS с указания на пользу продукта. Используй глагол в побудительном наклонении. Не начинай с вопроса. Напиши рекламное SMS для следующего продукта:
«Депозит Классический Онлайн — депозит для предпринимателей. Срок размещения от 7 до 1096 дней, валюта размещения — рубли РФ, максимальная сумма размещения — 30 млн рублей, процентная ставка рассчитывается индивидуально.».
Не изменяй название продукта: «депозит Классический Онлайн».
Преимущества:
«Открытие без посещения банка. Ставка выше, если оформите онлайн. Нет минимальной суммы размещения. Вклад на короткий срок.».
ОБЯЗАТЕЛЬНО используй в SMS один или несколько терминов, касающиеся клиента, которому направляется SMS, из КАЖДОЙ группы:
Группа 1: (достигайте целей, достижение целей, контролировать, обеспечить, под контролем, развивать, развитие, реализация, реализовать, управление, управлять, цель, экономить, экономия).
Группа 2: (легко, надёжно, надёжность, опыт, просто, проще, стабильность, стабильный, уверенно, упростить, будьте уверены).
Группа 3: (компания, управлять).
Пример использования терминов (ниже лишь примеры выражений, не добавляй в SMS то, чего нет в реальном описании продукта): достигайте целей; достижение целей; всё удобно контролировать; контролируйте все операции; экономьте время и контролируйте операции; контролируйте расходы; под контролем; развивайте бизнес с удобными технологиями; развивай свой бизнес; развивайте логистику; развивайте бизнес; развивайте технологии проще; развитие; развитие персонала; развития вашего бизнеса; реализовать свои цели; реализуй цели компании; реализуйте любые цели; реализуйте цели; управляйте финансами и реализуйте бизнес-цели уверенно; управление персоналом; управление расходами сотрудников; управления расходами команды; управления расчётами; управления финансами; управление расходами компании; управлении бизнесом; управления расчётами команды; эффективного управления; управляй выплатами легко; управляйте выплатами; управляйте операциями; управлять всеми выплатами вашей команде; управлять выплатами персоналу; управлять операциями; управляй своим бизнесом легко; управляйте бизнесом; управляйте компанией; управляйте финансами; управляйте финансами компании; управляйте финансами компании уверенно; уверенно управляйте расходами вашей компании; управляй расходами; управляй расходами легко; управляй финансами компании легко; управляйте расходами; управляйте расходами компании; управлять расчётами; других целей вашей компании; на другие цели; на другие цели компании; продвижения или других целей; цели; цели вашего бизнеса; экономьте время; экономь время; экономьте на комиссии; экономьте на комиссиях; экономьте время на платежах; всё легко и быстро; управляйте расчётами легко; команде легко и быстро; легко и быстро; легко и с выгодой; быстро и надёжно; быстро, надёжно и без визита в банк; просто, быстро и надёжно; это просто и надёжно; надёжность и новые возможности; просто подключите; просто и уверенно; просто подключитесь; просто и быстро; рассчитывайтесь с персоналом просто и быстро; просто и комфортно; просто и удобно; просто подключи; быстро и просто; всё просто; просто подай; просто подай заявку онлайн; проще управление расходами; стабильного развития; уверенно и стабильно; управляйте бизнесом уверенно; уверенно управляйте расходами; управляйте расходами уверенно; упростите расчёты; упростите и оптимизируйте расчёты; будьте уверены; бизнес-цели компании; для вашей компании; развития компании; привилегий для вашей компании; расходами вашей компании; расходами компании; расчётами в компании; транспортной компании; управляйте расходами вашей розничной компании; финансами компании. Эти примеры — просто образцы того, как можно органично включить термины. Не упоминай того, что не отражено в описании продукта.
Убедись, что написал не меньше трех и не больше четырех предложений суммарной длиной от 160 до 250 знаков с учетом пробелов.
Убедись, что SMS начинается с указания на пользу продукта и использования глагола в побудительном наклонении и не начинается с вопроса.
Убедись, что УМЕСТНО использовал КАЖДЫЙ необходимый термин.
Убедись, что в SMS без изменений, синонимов и перестановок слов используется наименование продукта: «депозит Классический Онлайн».
Убедись, что в SMS есть следующая ключевая информация: «Ставка выше, если оформите онлайн.».","Разместите свободные средства своей компании на депозите Классический Онлайн — надёжный инструмент для уверенного достижения целей. Делайте вклад на удобный вам срок и без визита в банк. Открывайте онлайн и получайте повышенную ставку!

------
Количество знаков: 235",,"Депозит Классический Онлайн — надёжный инструмент для уверенного достижения бизнес-целей. Вложите свободные средства компании на любой срок — от недели до 3 лет, получите повышенную ставку при оформлении онлайн."
1741963675.1689668,депозит Классический Онлайн,"Депозит Классический Онлайн — депозит для предпринимателей.

Срок размещения от 7 до 1096 дней, валюта размещения — рубли РФ, максимальная сумма размещения — 30 млн рублей, процентная ставка рассчитывается индивидуально.",депозит Классический Онлайн,"Открытие без посещения банка.

Ставка выше, если оформите онлайн.

Нет минимальной суммы размещения.

Вклад на короткий срок.","Ставка выше, если оформите онлайн.",Мужской,Y,,,Не выбрано,Не выбрано,Указание на пользу,SMS для данных параметров персонализации ОТСУТСТВУЕТ в базе,GPT-4o (fine-tuned) 2,"Напиши три или четыре предложения суммарной длиной от 160 до 250 знаков с учетом пробелов. Начни SMS с указания на пользу продукта. Используй глагол в побудительном наклонении. Не начинай с вопроса. 
Напиши рекламное SMS для следующего продукта:
«Депозит Классический Онлайн — депозит для предпринимателей.

Срок размещения от 7 до 1096 дней, валюта размещения — рубли РФ, максимальная сумма размещения — 30 млн рублей, процентная ставка рассчитывается индивидуально.».
Не изменяй название продукта: «депозит Классический Онлайн».
Преимущества:
«Открытие без посещения банка.

Ставка выше, если оформите онлайн.

Нет минимальной суммы размещения.

Вклад на короткий срок.».
ОБЯЗАТЕЛЬНО используй в SMS один или несколько терминов, касающиеся клиента, которому направляется SMS, из КАЖДОЙ группы:
Группа 1: (достигайте целей, достижение целей, контролировать, обеспечить, под контролем, развивать, развитие, реализация, реализовать, управление, управлять, цель, экономить, экономия).
Группа 2: (бонус, кешбэк, просто, простое, простота, скидка, эффективный).
Пример использования терминов (ниже лишь примеры выражений, не добавляй в SMS то, чего нет в реальном описании продукта): достигайте целей; достижение целей; всё удобно контролировать; контролируйте все операции; экономьте время и контролируйте операции; контролируйте расходы; под контролем; развивайте бизнес с удобными технологиями; развивай свой бизнес; развивайте логистику; развивайте бизнес; развивайте технологии проще; развитие; развитие персонала; развития вашего бизнеса; реализовать свои цели; реализуй цели компании; реализуйте любые цели; реализуйте цели; управляйте финансами и реализуйте бизнес-цели уверенно; управление персоналом; управление расходами сотрудников; управления расходами команды; управления расчётами; управления финансами; управление расходами компании; управлении бизнесом; управления расчётами команды; эффективного управления; управляй выплатами легко; управляйте выплатами; управляйте операциями; управлять всеми выплатами вашей команде; управлять выплатами персоналу; управлять операциями; управляй своим бизнесом легко; управляйте бизнесом; управляйте компанией; управляйте финансами; управляйте финансами компании; управляйте финансами компании уверенно; уверенно управляйте расходами вашей компании; управляй расходами; управляй расходами легко; управляй финансами компании легко; управляйте расходами; управляйте расходами компании; управлять расчётами; других целей вашей компании; на другие цели; на другие цели компании; продвижения или других целей; цели; цели вашего бизнеса; экономьте время; экономь время; экономьте на комиссии; экономьте на комиссиях; экономьте время на платежах; вернуть бонусами; возврат бонусами; возвращайте бонусами; получите бонусы; получайте кешбэк; просто подключите; просто, быстро и надёжно; это просто и надёжно; просто и уверенно; просто подключитесь; просто и быстро; рассчитывайтесь с персоналом просто и быстро; просто и комфортно; просто и удобно; просто подключи; быстро и просто; всё просто; просто подай; просто подай заявку онлайн; простое подключение; простое и удобное решение; получите скидку на ставку; скидка на ставку; скидку на ставку; со скидкой. Эти примеры — просто образцы того, как можно органично включить термины. Не упоминай того, что не отражено в описании продукта.
Убедись, что написал не меньше трех и не больше четырех предложений суммарной длиной от 160 до 250 знаков с учетом пробелов.
Убедись, что SMS начинается с указания на пользу продукта и использования глагола в побудительном наклонении и не начинается с вопроса.
Убедись, что УМЕСТНО использовал КАЖДЫЙ необходимый термин.
Убедись, что в SMS без изменений, синонимов и перестановок слов используется наименование продукта: «депозит Классический Онлайн».
Убедись, что в SMS есть следующая ключевая информация: «Ставка выше, если оформите онлайн.».","Напиши три или четыре предложения суммарной длиной от 160 до 250 знаков с учетом пробелов. Начни SMS с указания на пользу продукта. Используй глагол в побудительном наклонении. Не начинай с вопроса. Напиши рекламное SMS для следующего продукта:
«Депозит Классический Онлайн — депозит для предпринимателей. Срок размещения от 7 до 1096 дней, валюта размещения — рубли РФ, максимальная сумма размещения — 30 млн рублей, процентная ставка рассчитывается индивидуально.».
Не изменяй название продукта: «депозит Классический Онлайн».
Преимущества:
«Открытие без посещения банка. Ставка выше, если оформите онлайн. Нет минимальной суммы размещения. Вклад на короткий срок.».
ОБЯЗАТЕЛЬНО используй в SMS один или несколько терминов, касающиеся клиента, которому направляется SMS, из КАЖДОЙ группы:
Группа 1: (достигайте целей, достижение целей, контролировать, обеспечить, под контролем, развивать, развитие, реализация, реализовать, управление, управлять, цель, экономить, экономия).
Группа 2: (бонус, кешбэк, просто, простое, простота, скидка, эффективный).
Пример использования терминов (ниже лишь примеры выражений, не добавляй в SMS то, чего нет в реальном описании продукта): достигайте целей; достижение целей; всё удобно контролировать; контролируйте все операции; экономьте время и контролируйте операции; контролируйте расходы; под контролем; развивайте бизнес с удобными технологиями; развивай свой бизнес; развивайте логистику; развивайте бизнес; развивайте технологии проще; развитие; развитие персонала; развития вашего бизнеса; реализовать свои цели; реализуй цели компании; реализуйте любые цели; реализуйте цели; управляйте финансами и реализуйте бизнес-цели уверенно; управление персоналом; управление расходами сотрудников; управления расходами команды; управления расчётами; управления финансами; управление расходами компании; управлении бизнесом; управления расчётами команды; эффективного управления; управляй выплатами легко; управляйте выплатами; управляйте операциями; управлять всеми выплатами вашей команде; управлять выплатами персоналу; управлять операциями; управляй своим бизнесом легко; управляйте бизнесом; управляйте компанией; управляйте финансами; управляйте финансами компании; управляйте финансами компании уверенно; уверенно управляйте расходами вашей компании; управляй расходами; управляй расходами легко; управляй финансами компании легко; управляйте расходами; управляйте расходами компании; управлять расчётами; других целей вашей компании; на другие цели; на другие цели компании; продвижения или других целей; цели; цели вашего бизнеса; экономьте время; экономь время; экономьте на комиссии; экономьте на комиссиях; экономьте время на платежах; вернуть бонусами; возврат бонусами; возвращайте бонусами; получите бонусы; получайте кешбэк; просто подключите; просто, быстро и надёжно; это просто и надёжно; просто и уверенно; просто подключитесь; просто и быстро; рассчитывайтесь с персоналом просто и быстро; просто и комфортно; просто и удобно; просто подключи; быстро и просто; всё просто; просто подай; просто подай заявку онлайн; простое подключение; простое и удобное решение; получите скидку на ставку; скидка на ставку; скидку на ставку; со скидкой. Эти примеры — просто образцы того, как можно органично включить термины. Не упоминай того, что не отражено в описании продукта.
Убедись, что написал не меньше трех и не больше четырех предложений суммарной длиной от 160 до 250 знаков с учетом пробелов.
Убедись, что SMS начинается с указания на пользу продукта и использования глагола в побудительном наклонении и не начинается с вопроса.
Убедись, что УМЕСТНО использовал КАЖДЫЙ необходимый термин.
Убедись, что в SMS без изменений, синонимов и перестановок слов используется наименование продукта: «депозит Классический Онлайн».
Убедись, что в SMS есть следующая ключевая информация: «Ставка выше, если оформите онлайн.».","Депозит Классический Онлайн — простой и эффективный способ развивать бизнес с финансовой поддержкой. Без минимальной суммы и с возможностью оформить со скидкой на ставку — онлайн.

------
Количество знаков: 179",,"Депозит Классический Онлайн — простой и эффективный способ получить дополнительный доход для развития бизнеса. Без минимальной суммы, срок — до 3 лет, а ставка будет выше при оформлении онлайн."
1741692936.221889,депозит Классический Онлайн,"Депозит Классический Онлайн — депозит для предпринимателей.

Срок размещения от 7 до 1096 дней, валюта размещения — рубли РФ, максимальная сумма размещения — 30 млн рублей, процентная ставка рассчитывается индивидуально.",депозит Классический Онлайн,"Открытие без посещения банка.

Ставка выше, если оформите онлайн.

Нет минимальной суммы размещения.

Вклад на короткий срок.","Ставка выше, если оформите онлайн.",Не выбрано,Z,,,Не выбрано,Не выбрано,Призыв к действию,SMS для данных параметров персонализации ОТСУТСТВУЕТ в базе,GPT-4o (fine-tuned) 2,"Напиши три или четыре предложения суммарной длиной от 160 до 250 знаков с учетом пробелов. Начни SMS с призыва к действию с продуктом. Не начинай с вопроса. 
ОБЯЗАТЕЛЬНО обратись в SMS на ты, употребив глаголы в единственном числе. Напиши рекламное SMS для следующего продукта:
«Депозит Классический Онлайн — депозит для предпринимателей.

Срок размещения от 7 до 1096 дней, валюта размещения — рубли РФ, максимальная сумма размещения — 30 млн рублей, процентная ставка рассчитывается индивидуально.».
Не изменяй название продукта: «депозит Классический Онлайн».
Преимущества:
«Открытие без посещения банка.

Ставка выше, если оформите онлайн.

Нет минимальной суммы размещения.

Вклад на короткий срок.».
ОБЯЗАТЕЛЬНО используй в SMS один или несколько терминов, касающиеся клиента, которому направляется SMS, из КАЖДОЙ группы:
Группа 1: (быстро, возможности, легко, новый, просто, простота, упростить).
Пример использования терминов (ниже лишь примеры выражений, не добавляй в SMS то, чего нет в реальном описании продукта): быстро и удобно; команде легко и быстро; легко и быстро; быстро и просто; быстро получить средства; просто и быстро; новые возможности; наслаждайся новыми возможностями; возможностями премиальной; наслаждайся возможностями; наслаждайся возможностями современного решения; открой для себя возможности; открой новые возможности; оцени её возможности; оцени новые возможности; всё легко и быстро; управляйте расчётами легко; управляй выплатами легко; управляй своим бизнесом легко; легко и с выгодой; управляй расходами легко; управляй финансами компании легко; новые горизонты; новыми привилегиями; открой новые привилегии; просто подключите; просто, быстро и надёжно; это просто и надёжно; просто и уверенно; просто подключитесь; рассчитывайтесь с персоналом просто и быстро; просто и комфортно; просто и удобно; просто подключи; всё просто; просто подай; просто подай заявку онлайн; упростите расчёты; упростите и оптимизируйте расчёты. Эти примеры — просто образцы того, как можно органично включить термины. Не упоминай того, что не отражено в описании продукта.
Убедись, что написал не меньше трех и не больше четырех предложений суммарной длиной от 160 до 250 знаков с учетом пробелов.
Убедись, что готовый текст начинается с призыва к действию с продуктом и не начинается с вопроса.
Убедись, что УМЕСТНО использовал КАЖДЫЙ необходимый термин.
Убедись, что обратился в SMS на ты, употребив глаголы в единственном числе. Убедись, что в SMS без изменений, синонимов и перестановок слов используется наименование продукта: «депозит Классический Онлайн».
Убедись, что в SMS есть следующая ключевая информация: «Ставка выше, если оформите онлайн.».","Напиши три или четыре предложения суммарной длиной от 160 до 250 знаков с учетом пробелов. Начни SMS с призыва к действию с продуктом. Не начинай с вопроса. ОБЯЗАТЕЛЬНО обратись в SMS на ты, употребив глаголы в единственном числе. Напиши рекламное SMS для следующего продукта:
«Депозит Классический Онлайн — депозит для предпринимателей. Срок размещения от 7 до 1096 дней, валюта размещения — рубли РФ, максимальная сумма размещения — 30 млн рублей, процентная ставка рассчитывается индивидуально.».
Не изменяй название продукта: «депозит Классический Онлайн».
Преимущества:
«Открытие без посещения банка. Ставка выше, если оформите онлайн. Нет минимальной суммы размещения. Вклад на короткий срок.».
ОБЯЗАТЕЛЬНО используй в SMS один или несколько терминов, касающиеся клиента, которому направляется SMS, из КАЖДОЙ группы:
Группа 1: (быстро, возможности, легко, новый, просто, простота, упростить).
Пример использования терминов (ниже лишь примеры выражений, не добавляй в SMS то, чего нет в реальном описании продукта): быстро и удобно; команде легко и быстро; легко и быстро; быстро и просто; быстро получить средства; просто и быстро; новые возможности; наслаждайся новыми возможностями; возможностями премиальной; наслаждайся возможностями; наслаждайся возможностями современного решения; открой для себя возможности; открой новые возможности; оцени её возможности; оцени новые возможности; всё легко и быстро; управляйте расчётами легко; управляй выплатами легко; управляй своим бизнесом легко; легко и с выгодой; управляй расходами легко; управляй финансами компании легко; новые горизонты; новыми привилегиями; открой новые привилегии; просто подключите; просто, быстро и надёжно; это просто и надёжно; просто и уверенно; просто подключитесь; рассчитывайтесь с персоналом просто и быстро; просто и комфортно; просто и удобно; просто подключи; всё просто; просто подай; просто подай заявку онлайн; упростите расчёты; упростите и оптимизируйте расчёты. Эти примеры — просто образцы того, как можно органично включить термины. Не упоминай того, что не отражено в описании продукта.
Убедись, что написал не меньше трех и не больше четырех предложений суммарной длиной от 160 до 250 знаков с учетом пробелов.
Убедись, что готовый текст начинается с призыва к действию с продуктом и не начинается с вопроса.
Убедись, что УМЕСТНО использовал КАЖДЫЙ необходимый термин.
Убедись, что обратился в SMS на ты, употребив глаголы в единственном числе. Убедись, что в SMS без изменений, синонимов и перестановок слов используется наименование продукта: «депозит Классический Онлайн».
Убедись, что в SMS есть следующая ключевая информация: «Ставка выше, если оформите онлайн.».","Открой новые возможности с депозитом Классический Онлайн! Оформи его в интернете без визита в банк и получи повышенную ставку. Нет минимальной суммы, выбирай удобный срок — до 3 лет.

------
Количество знаков: 182",,"Открой новые возможности с депозитом Классический Онлайн! Оформи его без визита в банк и получи повышенную ставку. Нет минимальной суммы, выбирай удобный срок — до 3 лет."
1741786780.9761286,депозит Классический Онлайн,"Депозит Классический Онлайн — депозит для предпринимателей.

Срок размещения от 7 до 1096 дней, валюта размещения — рубли РФ, максимальная сумма размещения — 30 млн рублей, процентная ставка рассчитывается индивидуально.",депозит Классический Онлайн,"Открытие без посещения банка.

Ставка выше, если оформите онлайн.

Нет минимальной суммы размещения.

Вклад на короткий срок.","Ставка выше, если оформите онлайн.",Мужской,Не выбрано,,,"Телекоммуникации, медиа и ИТ-технологии",Не выбрано,Указание на пользу,SMS для данных параметров персонализации ОТСУТСТВУЕТ в базе,GPT-4o (fine-tuned) 1,"Напиши три или четыре предложения суммарной длиной от 160 до 250 знаков с учетом пробелов. Начни SMS с указания на пользу продукта. Используй глагол в побудительном наклонении. Не начинай с вопроса. 
Напиши рекламное SMS для следующего продукта:
«Депозит Классический Онлайн — депозит для предпринимателей.

Срок размещения от 7 до 1096 дней, валюта размещения — рубли РФ, максимальная сумма размещения — 30 млн рублей, процентная ставка рассчитывается индивидуально.».
Не изменяй название продукта: «депозит Классический Онлайн».
Преимущества:
«Открытие без посещения банка.

Ставка выше, если оформите онлайн.

Нет минимальной суммы размещения.

Вклад на короткий срок.».
ОБЯЗАТЕЛЬНО используй в SMS один или несколько терминов, касающиеся клиента, которому направляется SMS, из КАЖДОЙ группы:
Группа 1: (достигайте целей, достижение целей, контролировать, обеспечить, под контролем, развивать, развитие, реализация, реализовать, управление, управлять, цель, экономить, экономия).
Группа 2: (оборудование, современный, софт, технологии, цифровизация, цифровой).
Пример использования терминов (ниже лишь примеры выражений, не добавляй в SMS то, чего нет в реальном описании продукта): достигайте целей; достижение целей; всё удобно контролировать; контролируйте все операции; экономьте время и контролируйте операции; контролируйте расходы; под контролем; развивайте бизнес с удобными технологиями; развивай свой бизнес; развивайте логистику; развивайте бизнес; развивайте технологии проще; развитие; развитие персонала; развития вашего бизнеса; реализовать свои цели; реализуй цели компании; реализуйте любые цели; реализуйте цели; управляйте финансами и реализуйте бизнес-цели уверенно; управление персоналом; управление расходами сотрудников; управления расходами команды; управления расчётами; управления финансами; управление расходами компании; управлении бизнесом; управления расчётами команды; эффективного управления; управляй выплатами легко; управляйте выплатами; управляйте операциями; управлять всеми выплатами вашей команде; управлять выплатами персоналу; управлять операциями; управляй своим бизнесом легко; управляйте бизнесом; управляйте компанией; управляйте финансами; управляйте финансами компании; управляйте финансами компании уверенно; уверенно управляйте расходами вашей компании; управляй расходами; управляй расходами легко; управляй финансами компании легко; управляйте расходами; управляйте расходами компании; управлять расчётами; других целей вашей компании; на другие цели; на другие цели компании; продвижения или других целей; цели; цели вашего бизнеса; экономьте время; экономь время; экономьте на комиссии; экономьте на комиссиях; экономьте время на платежах; закупайте оборудование; закупите новейшее оборудование; оборудование; покупки оборудования; покупку оборудования; приобретайте современное оборудование; современное оборудование; современный софт; наслаждайся возможностями современного решения; оцените возможности современных решений; оцените современные привилегии; современного решения; современное решение; современное финансовое решение; современные привилегии; современным решением; благодаря современным технологиям; используй современные технологии для бизнеса; наслаждайтесь удобством современных технологий; оцените удобство технологий; с современными технологиями; современных технологий; цифрового бизнеса. Эти примеры — просто образцы того, как можно органично включить термины. Не упоминай того, что не отражено в описании продукта.
Убедись, что написал не меньше трех и не больше четырех предложений суммарной длиной от 160 до 250 знаков с учетом пробелов.
Убедись, что SMS начинается с указания на пользу продукта и использования глагола в побудительном наклонении и не начинается с вопроса.
Убедись, что УМЕСТНО использовал КАЖДЫЙ необходимый термин.
Убедись, что в SMS без изменений, синонимов и перестановок слов используется наименование продукта: «депозит Классический Онлайн».
Убедись, что в SMS есть следующая ключевая информация: «Ставка выше, если оформите онлайн.».","Напиши три или четыре предложения суммарной длиной от 160 до 250 знаков с учетом пробелов. Начни SMS с указания на пользу продукта. Используй глагол в побудительном наклонении. Не начинай с вопроса. Напиши рекламное SMS для следующего продукта:
«Депозит Классический Онлайн — депозит для предпринимателей. Срок размещения от 7 до 1096 дней, валюта размещения — рубли РФ, максимальная сумма размещения — 30 млн рублей, процентная ставка рассчитывается индивидуально.».
Не изменяй название продукта: «депозит Классический Онлайн».
Преимущества:
«Открытие без посещения банка. Ставка выше, если оформите онлайн. Нет минимальной суммы размещения. Вклад на короткий срок.».
ОБЯЗАТЕЛЬНО используй в SMS один или несколько терминов, касающиеся клиента, которому направляется SMS, из КАЖДОЙ группы:
Группа 1: (достигайте целей, достижение целей, контролировать, обеспечить, под контролем, развивать, развитие, реализация, реализовать, управление, управлять, цель, экономить, экономия).
Группа 2: (оборудование, современный, софт, технологии, цифровизация, цифровой).
Пример использования терминов (ниже лишь примеры выражений, не добавляй в SMS то, чего нет в реальном описании продукта): достигайте целей; достижение целей; всё удобно контролировать; контролируйте все операции; экономьте время и контролируйте операции; контролируйте расходы; под контролем; развивайте бизнес с удобными технологиями; развивай свой бизнес; развивайте логистику; развивайте бизнес; развивайте технологии проще; развитие; развитие персонала; развития вашего бизнеса; реализовать свои цели; реализуй цели компании; реализуйте любые цели; реализуйте цели; управляйте финансами и реализуйте бизнес-цели уверенно; управление персоналом; управление расходами сотрудников; управления расходами команды; управления расчётами; управления финансами; управление расходами компании; управлении бизнесом; управления расчётами команды; эффективного управления; управляй выплатами легко; управляйте выплатами; управляйте операциями; управлять всеми выплатами вашей команде; управлять выплатами персоналу; управлять операциями; управляй своим бизнесом легко; управляйте бизнесом; управляйте компанией; управляйте финансами; управляйте финансами компании; управляйте финансами компании уверенно; уверенно управляйте расходами вашей компании; управляй расходами; управляй расходами легко; управляй финансами компании легко; управляйте расходами; управляйте расходами компании; управлять расчётами; других целей вашей компании; на другие цели; на другие цели компании; продвижения или других целей; цели; цели вашего бизнеса; экономьте время; экономь время; экономьте на комиссии; экономьте на комиссиях; экономьте время на платежах; закупайте оборудование; закупите новейшее оборудование; оборудование; покупки оборудования; покупку оборудования; приобретайте современное оборудование; современное оборудование; современный софт; наслаждайся возможностями современного решения; оцените возможности современных решений; оцените современные привилегии; современного решения; современное решение; современное финансовое решение; современные привилегии; современным решением; благодаря современным технологиям; используй современные технологии для бизнеса; наслаждайтесь удобством современных технологий; оцените удобство технологий; с современными технологиями; современных технологий; цифрового бизнеса. Эти примеры — просто образцы того, как можно органично включить термины. Не упоминай того, что не отражено в описании продукта.
Убедись, что написал не меньше трех и не больше четырех предложений суммарной длиной от 160 до 250 знаков с учетом пробелов.
Убедись, что SMS начинается с указания на пользу продукта и использования глагола в побудительном наклонении и не начинается с вопроса.
Убедись, что УМЕСТНО использовал КАЖДЫЙ необходимый термин.
Убедись, что в SMS без изменений, синонимов и перестановок слов используется наименование продукта: «депозит Классический Онлайн».
Убедись, что в SMS есть следующая ключевая информация: «Ставка выше, если оформите онлайн.».","Используйте депозит классический Онлайн» для уверенного развития бизнеса и реализации целей! Оформите без визита в банк и получите повышенную ставку. Нет минимальной суммы — выбирайте сами, сколько и на какой срок вложить.

------
Количество знаков: 222",,"Используйте депозит Классический Онлайн для реализации целей и цифровизации бизнеса! Оформите без визита в банк и получите повышенную ставку. Нет минимальной суммы — выбирайте, сколько и на какой срок вложить. "
